,density_kg_m3,pressure_diff_kpa,pressure_kpa,temperature_c,hourly_flow_m3,total_flow_m3
count,170289.0,170289.0,170289.0,170289.0,170289.0,170289.0
mean,0.739360305833025,9.209970972875523,485.65057172218985,16.324737775193935,8.190250867642655,196.56603411846913
std,0.013997890049204115,8.030005685681102,95.8000568651103,17.369536594829583,11.387238543446234,273.29373081729517
min,0.0,-0.984,0.0,-34.568,0.0,0.0
25%,0.72777,3.1537,411.84,8.232,1.035,24.85
50%,0.7347,7.3829,487.077,15.212,4.461,107.056
75%,0.75279,12.8873,561.744,23.389,7.097,170.33
max,1.0,69.132,770.969,746.153,56.99,1367.77
